{"cameraMode":{"drawMode":0,"name":"Shaded","section":"Shading Mode"},"sceneLighting":false,"audioPlay":false,"sceneViewState":{"showFog":true,"showMaterialUpdate":false,"showSkybox":false,"showFlares":true,"showImageEffects":true,"showParticleSystems":true},"in2DMode":false,"pivot":{"x":1.3909204006195069,"y":3.6141748428344728,"z":0.09410667419433594},"rotation":{"x":-0.11427028477191925,"y":-0.08037686347961426,"z":0.009276392869651318,"w":-0.9901494383811951},"size":6.866856098175049,"orthographic":false}